<?xml version="1.0" encoding="UTF-8" standalone="yes"?>
<addon id="script.module.juanma" name="Manilovic" version="8.05" provider-name="Manilovic">
	<requires>
		<import addon="script.module.horus" />
		<import addon="script.module.six" />
	</requires>
	<extension point="xbmc.python.pluginsource" library="main.py">         
		<provides>executable</provides>
	</extension>
	<extension point="xbmc.addon.metadata">
		<description>Addon de Manilovic</description>
		<disclaimer>Enlaces a Canales</disclaimer>
		<platform>all</platform>
		<assets>
			<icon>resources/logos/therocklogo.jpg</icon>
			<fanart>resources/logos/therocklogo.jpg</fanart>
		</assets>
		<news>
			-Nuevos buscador acestream
		</news>
	</extension>
</addon>

