<favourites>
    <favourite name="Manilovic" thumb="special://home/addons/script.module.juanma/resources/logos/therocklogo.jpg">ActivateWindow(10001,&quot;plugin://script.module.juanma&quot;,return)</favourite>
    <favourite name="DAZN LaLiga&#x0A;" thumb="special://home/addons/script.module.juanma/resources/logos/Dazn_liga_logo_v2.png">PlayMedia(&quot;plugin://script.module.juanma/?name=DAZN+LaLiga+MultiAudio&amp;link=74defb8f4ed3a917fd07c21b34f43c17107ec618&quot;)</favourite>
    <favourite name="M. LaLiga&#x0A;" thumb="special://home/addons/script.module.juanma/resources/logos/Mov_liga_logo_v2.png">PlayMedia(&quot;plugin://script.module.juanma/?name=M.+LaLiga+MultiAudio&amp;link=4b528d10eaad747ddf52251206177573ee3e9f74&quot;)</favourite>
    <favourite name="Liga Campeones 1&#x0A;" thumb="special://home/addons/script.module.juanma/resources/logos/Campeones_logo_v2.png">PlayMedia(&quot;plugin://script.module.juanma/?name=Liga+Campeones+1&amp;link=0f0850a62ecdc4f79eec221cbebad01f3e0242bc&quot;)</favourite>
    <favourite name="Movistar +" thumb="special://home/addons/script.module.juanma/resources/logos/Movistar_Plus_logo.png">PlayMedia(&quot;plugin://script.module.juanma/?name=Movistar+%2B&amp;link=56ac8e227d526e722624675ccdd91b0cc850582f&quot;)</favourite>
    <favourite name="Dazn F1&#x0A;" thumb="special://home/addons/script.module.juanma/resources/logos/F1_logo_v2.png">PlayMedia(&quot;plugin://script.module.juanma/?name=Dazn+F1&amp;link=b08e158ea3f5c72084f5ff8e3c30ca2e4d1ff6d1&quot;)</favourite> 
    <favourite name="Dazn 1&#x0A;" thumb="special://home/addons/script.module.juanma/resources/logos/Motogp_logo_v2.png">PlayMedia(&quot;plugin://script.module.juanma/?name=Dazn+1&amp;link=50a8a13c474848d1efbd5586efdb5b6cdd173fa9&quot;)</favourite>
</favourites>
