{"name": "DAZN 1 (FHD)", "link": "b03f9310155cf3b4eafc1dfba763781abc3ff025"}
{"name": "DAZN 1 (FHD)", "link": "36394be1db2e20b5997d987c32fd38c7f0f194b7"}
{"name": "DAZN 2 (FHD)", "link": "43004e955731cd3afcc34d24e5178d4b427bff37"}
{"name": "DAZN 3 (FHD)", "link": "4e401fdceebffdf1f09aef954844d09f6c62f460"}
{"name": "DAZN 4 (FHD)", "link": "eb884f77ce8815cf1028c4d85e8b092c27ea1693"}
{"name": "DAZN Baloncesto (FHD)", "link": "a5f2161b0cabe910dc866b5abc6efe5d8f41fd7f"}
{"name": "DAZN F1 (FHD)", "link": "38e9ae1ee0c96d7c6187c9c4cc60ffccb565bdf7"}
{"name": "DAZN F1 (FHD)", "link": "3f5b7e2f883fe4b4b973e198d147a513d5c7c32a"}
{"name": "DAZN LaLiga (FHD)", "link": "0e50439e68aa2435b38f0563bb2f2e98f32ff4b1"}
{"name": "DAZN LaLiga (FHD)", "link": "1bb5bf76fb2018d6db9aaa29b1467ecdfabe2884"}
{"name": "DAZN LaLiga 2 (FHD)", "link": "5091ea94b75ba4b50b078b4102a3d0e158ef59c3"}
{"name": "Eurosport (FHD)", "link": "ef2abf419586d9876370be127ad592dbb41b126a"}
{"name": "Eurosport 2 (FHD)", "link": "37d6f1aabcde81ee6e4873b4db6b7bb8964af8bf"}
{"name": "LaLiga Hypermotion (FHD)", "link": "8ee52f6208e33706171856f99d2ed2dabd317f3a"}
{"name": "LaLiga Hypermotion (FHD)", "link": "70f22be1286ef224b5e4e9451d9a42468152cda4"}
{"name": "LaLiga Hypermotion 2 (FHD)", "link": "8a05571c0c8fe53f160fb7d116cdf97243679e86"}
{"name": "LaLiga Hypermotion 3 (FHD)", "link": "1ba18731a8e18bb4b3a5dfa5bb7b0f05762849a6"}
{"name": "Movistar Acci\u00f3n (FHD)", "link": "089673779de9fa7a18ac8dc26eb4a79cf5a86f96"}
{"name": "Movistar Cine Espa\u00f1ol (FHD)", "link": "e4bce95dd4faeb9cb09ade36a0636bc4b22b691c"}
{"name": "Movistar Cl\u00e1sicos (FHD)", "link": "6462c8f65fcaa6e4fc874fef8d1e45bb7a7e6bae"}
{"name": "Movistar Comedia (FHD)", "link": "cf0cb321eed6765c2eadbd9983570f6674ce5df6"}
{"name": "Movistar Deportes (FHD)", "link": "5d3f582738467aaf213e408601aca5cc13fa9359"}
{"name": "Movistar Deportes (FHD)", "link": "3692ea4cdda97eb0062ed5d656ebd61f149ebd0b"}
{"name": "Movistar Deportes 2 (FHD)", "link": "73d38feaa770d788848ec098470e32670fe55a61"}
{"name": "Movistar Deportes 3 (FHD)", "link": "29d786d72d4b53dbc333af3a50f8fb021aa0296f"}
{"name": "Movistar Deportes 4 (FHD)", "link": "37825883ed185365e3194a79207347f6c7bd5ba5"}
{"name": "Movistar Deportes 5 (FHD)", "link": "6dc4ac4eeae18e9daec433b01db82435cf84c57c"}
{"name": "Movistar Documentales (FHD)", "link": "b3fc9b5647c5933b101c0b6b64322590c68587b9"}
{"name": "Movistar Drama (FHD)", "link": "a6de6a4977d7801bbddc9c7739d822f4beb358ae"}
{"name": "Movistar Ellas Vamos (FHD)", "link": "594b59d435527327c9b6965f247995b907bfc285"}
{"name": "Movistar En Juego (FHD)", "link": "4bfeb0516c44c4f0e3502e3f1ca1035d39ddf9c2"}
{"name": "Movistar Estrenos (FHD)", "link": "5d35f906b735f25164fa2b9b7a4e6ef91dfed131"}
{"name": "Movistar Golf (FHD)", "link": "9ed46050217ee6ed8236a64b72d7992f7b3b37f2"}
{"name": "Movistar Hits (FHD)", "link": "50553edb5e8c54d15e0d43161369b3b4cef95065"}
{"name": "Movistar Indie (FHD)", "link": "7716c9fd5bd4413715e4e26f97efb91802f6ee80"}
{"name": "Movistar LaLiga (FHD)", "link": "107c3ce5a5d2527c9f06e4eab87477201791f231"}
{"name": "Movistar LaLiga (FHD)", "link": "8c30b600cc48899991b452805df48b68d998e61c"}
{"name": "Movistar LaLiga 2 (FHD)", "link": "911ad127726234b97658498a8b790fdd7516541d"}
{"name": "Movistar Liga de Campeones (FHD)", "link": "0f7842f8b6c26571e5a974407b61623e56e6a052"}
{"name": "Movistar Liga de Campeones (FHD)", "link": "f3eea003e23f94dc2d527306de9dd386e3ebf4ba"}
{"name": "Movistar Liga de Campeones 2 (FHD)", "link": "e7d8cae7f693fe46e89bbf74820caac9ffb32a30"}
{"name": "Movistar Liga de Campeones 3 (FHD)", "link": "2b5129adc57d43790634d796fe3468b9fd061259"}
{"name": "Movistar Navidad (FHD)", "link": "cf99e99c105162410ec6d1f68cc6f4811560fee7"}
{"name": "Movistar Originales (FHD)", "link": "096b817fcc836535f608facb15fca6408fae3162"}
{"name": "Movistar Plus (FHD)", "link": "199190e3f28c1de0be34bccf0d3568dc65209b99"}
{"name": "Movistar Plus (FHD)", "link": "5866e83279307bf919068ae7a0d250e4e424e464"}
{"name": "Movistar Plus 2 (FHD)", "link": "e19c1fc5e3ada56c60d45257f7f4ed0d14bf7003"}
{"name": "Movistar Vamos (FHD)", "link": "4e99e755aa32c4bc043a4bb1cd1de35f9bd94dde"}
{"name": "Primera Federacion \"RFEF\" (FHD)", "link": "b40212c43e96e97542ea00f2129212a054853a57"}
