<favourites>
    <favourite name="Manilovic" thumb="special://home/addons/script.module.juanma/resources/logos/therocklogo.jpg">ActivateWindow(10001,&quot;plugin://script.module.juanma&quot;,return)</favourite>
    <favourite name="Movistar Golf&#x0A;" thumb="special://home/addons/script.module.juanma/resources/logos/Golf_logo_v2.png">PlayMedia(&quot;plugin://script.module.juanma/?name=Movistar+Golf&amp;link=872608e734992db636eb79426802cd08f4029afb&quot;)</favourite>
    <favourite name="DAZN LaLiga MultiAudio&#x0A;" thumb="special://home/addons/script.module.juanma/resources/logos/Dazn_liga_logo_v2.png">PlayMedia(&quot;plugin://script.module.juanma/?name=DAZN+LaLiga+MultiAudio&amp;link=110d441ddc9713a7452588770d2bc85504672f47&quot;)</favourite>
    <favourite name="M. LaLiga MultiAudio&#x0A;" thumb="special://home/addons/script.module.juanma/resources/logos/Mov_liga_logo_v2.png">PlayMedia(&quot;plugin://script.module.juanma/?name=M.+LaLiga+MultiAudio&amp;link=d3de78aebe544611a2347f54d5796bd87f16c92d&quot;)</favourite>
    <favourite name="Liga Campeones 1&#x0A;" thumb="special://home/addons/script.module.juanma/resources/logos/Campeones_logo_v2.png">PlayMedia(&quot;plugin://script.module.juanma/?name=Liga+Campeones+1&amp;link=0f0850a62ecdc4f79eec221cbebad01f3e0242bc&quot;)</favourite>
    <favourite name="Movistar +" thumb="special://home/addons/script.module.juanma/resources/logos/Movistar_Plus_logo.png">PlayMedia(&quot;plugin://script.module.juanma/?name=Movistar+%2B&amp;link=56ac8e227d526e722624675ccdd91b0cc850582f&quot;)</favourite>
    <favourite name="Dazn F1&#x0A;" thumb="special://home/addons/script.module.juanma/resources/logos/F1_logo_v2.png">PlayMedia(&quot;plugin://script.module.juanma/?name=Dazn+F1&amp;link=515efd8115482bda8d92aa6df9a882a5e5797494&quot;)</favourite> 
    <favourite name="Dazn 1&#x0A;" thumb="special://home/addons/script.module.juanma/resources/logos/Motogp_logo_v2.png">PlayMedia(&quot;plugin://script.module.juanma/?name=Dazn+1&amp;link=d5b2c6b940cf3df5e8f9dc6f000f0ea23a10b151&quot;)</favourite>
    <favourite name="Dazn 2&#x0A;" thumb="special://home/addons/script.module.juanma/resources/logos/Dazn_2_logo_v2.png">PlayMedia(&quot;plugin://script.module.juanma/?name=Dazn+2&amp;link=b0eabe0fdd02fdd165896236765a9b753a2ff516&quot;)</favourite>
    <favourite name="M. Deportes 1&#x0A;" thumb="special://home/addons/script.module.juanma/resources/logos/Deportes_logo_v2.png">PlayMedia(&quot;plugin://script.module.juanma/?name=M.+Deportes+1&amp;link=55d4602cb22b0d8a33c10c2c2f42dae64a9e8895&quot;)</favourite>
</favourites>
