{"name": "LaLiga TV Bar (Prebuf a 0)", "link": "a7a545d5f8040ca6626aa24f550c286642f24928"}
{"name": "LaLiga TV Bar (Prebuf a 0)", "link": "eb3fe9045283703e50f338428e22471350660015"}
{"name": "LaLiga TV Bar (NO)", "link": "608b0faf7d3d25f6fe5dba13d5e4b4142949990e"}
{"name": "M. LaLiga (RETRASO 1 min)", "link": "4f416d74e9feb1812f7d10c637e46d40ebab3e2b"}
{"name": "LaLiga Hypermotion", "link": "0a335406bad0b658aeddb2d38f8c0614b2e5623a"}
{"name": "DZN F1 NO", "link": "5789ca155323664edd293b848606688edf803f4d"}
{"name": "DZN F1", "link": "d6281d4e6310269b416180442a470d23a4a99dc9"}
{"name": "DAZN 1 (720p) (No Funciona)", "link": "35c7f0c966ecde3390f4510bb4caded40018c07a"}
{"name": "F1 TV", "link": "be9686ae7cb95f68821c0c5b8e416dbea6188305"}
{"name": "M. Liga Campeones 03 (720p Prebuf a 0)", "link": "762b53bf50de49569226e72c9381d64c8b7d3b56"}
{"name": "M. Liga Campeones 05 (720p Prebuf a 0)", "link": "67786dae02c3d2022dc2f024fb06f1c98b1a55ba"}
{"name": "M. Liga Campeones 07 (720p) NO", "link": "b7f47db93dced60f54e8f89e2366ed061b534049"}
{"name": "Dazn Laliga Alternativo NO", "link": "1960a9be8ae9e8c755330218eac4c5805466290a"}
{"name": "Dazn Laliga Alternativo 1 NO", "link": "75251ba975132ec9a202806ba5bf606e87280c96"}
{"name": "Dazn Laliga Alternativo 2 NO", "link": "95b2238dec35cf00dfdf8fba18e9920bc2c56256"}
{"name": "Dazn Laliga Alternativo 3 NO", "link": "a3bca895c58d3fc7d5e4259d3d5e3cf0291d1914"}
{"name": "DAZN LaLiga 1080p MultiAudio NO", "link": "1960a9be8ae9e8c755330218eac4c5805466290a"}
{"name": "DAZN LaLiga 1080p MultiAudio NO", "link": "75251ba975132ec9a202806ba5bf606e87280c96"}
{"name": "EuroSport 1 (Prebuf a 0)", "link": "5e4cd48c79f991fcbee2de8b9d30c4b16de3b952"}
{"name": "EuroSport 2 (Prebuf a 0)", "link": "c373da9e901d414b7384e671112e64d5a2310c29"}
{"name": "M. Golf (Prebuf a 0)", "link": "4f945b0ba4206fa2676b61e9eaa465ac3dcc8122"}
