{"name": "LaLiga TV Bar (Prebuf a 0)", "link": "a7a545d5f8040ca6626aa24f550c286642f24928"}
{"name": "LaLiga TV Bar (Prebuf a 0)", "link": "eb3fe9045283703e50f338428e22471350660015"}
{"name": "LaLiga TV Bar (NO)", "link": "608b0faf7d3d25f6fe5dba13d5e4b4142949990e"}
{"name": "LaLiga TV Bar MultiAudio", "link": "94d34491106e00394835c8cb68aa94481339b53f"}
{"name": "LaLiga TV Bar (720p)", "link": "954b2cb573313690f2a6d6a2e70102fb49ace952"}
{"name": "LaLiga TV Bar (720p)", "link": "5834660ff7ae10f0514dc23c241c054dc0272d01"}
{"name": "M. LaLiga (Prebuf a 0)", "link": "4f416d74e9feb1812f7d10c637e46d40ebab3e2b"}
{"name": "LaLiga Hypermotion (Prebuf a 0)", "link": "0a335406bad0b658aeddb2d38f8c0614b2e5623a"}
{"name": "DZN F1 NO", "link": "5789ca155323664edd293b848606688edf803f4d"}
{"name": "DZN F1", "link": "d6281d4e6310269b416180442a470d23a4a99dc9"}
{"name": "DZN F1", "link": "ba87f528de030aad56576f7cbb9d8bbd7efd62b9"}
{"name": "DZN F1 (Prebuf a 0)", "link": "073d33a5e5270399154bb251fcc95f99c0741264"}
{"name": "DZN F1 (Prebuf a 0)", "link": "caacce193d67231641e4da54aed2333eaee16fd0"}
{"name": "DZN F1 4k (Prebuf a 0)", "link": "6b94479c24898700089e6b87d28a3ccc72dc4041"}
{"name": "DZN F1 4k (Prebuf a 0)", "link": "6b94479c24898700089e6b87d28a3ccc72dc4041"}
{"name": "DZN F1 4k (Prebuf a 0)", "link": "c372020ed2744033f56548b6beb11a9f3e740f37"}
{"name": "DZN F1 4k (Prebuf a 0)", "link": "5853ff69c8588fe23ff5555261d4a43e6ad2f1ae"}
{"name": "F1 TV (Prebuf a 0)", "link": "596887e47123169410249d867e4cbf1e6d316248"}
{"name": "F1 TV (720p) (Prebuf a 0)", "link": "821eb83594bac4da4f2877f88e56d05400bb5d1b"}
{"name": "F1 TV (Prebuf a 0)", "link": "be9686ae7cb95f68821c0c5b8e416dbea6188305"}
{"name": "DZN F1 NO", "link": "5789ca155323664edd293b848606688edf803f4d"}
{"name": "DZN F1 (Prebuf a 0)", "link": "9dad717d99b29a05672166258a77c25b57713dd5"}
{"name": "DZN F1 (720p) (Prebuf a 0)", "link": "e1fcad9de0c782c157fde6377805c58297ab65c2"}
{"name": "DZN F1 (Prebuf a 0)", "link": "dce1579e3a2e5bd29071fca8eae364f1eb3205cf"}
{"name": "F1 TV (Prebuf a 0)", "link": "be9686ae7cb95f68821c0c5b8e416dbea6188305"}
{"name": "M. Liga Campeones 03 (720p Prebuf a 0)", "link": "762b53bf50de49569226e72c9381d64c8b7d3b56"}
{"name": "M. Liga Campeones 05 (720p Prebuf a 0)", "link": "67786dae02c3d2022dc2f024fb06f1c98b1a55ba"}
{"name": "M. Liga Campeones 07 (720p) NO", "link": "b7f47db93dced60f54e8f89e2366ed061b534049"}
{"name": "Dazn Laliga Alternativo (Prebuf a 0)", "link": "1960a9be8ae9e8c755330218eac4c5805466290a"}
{"name": "Dazn Laliga Alternativo 1 (Prebuf a 0)", "link": "75251ba975132ec9a202806ba5bf606e87280c96"}
{"name": "Dazn Laliga Alternativo 2 (Prebuf a 0)", "link": "95b2238dec35cf00dfdf8fba18e9920bc2c56256"}
{"name": "Dazn Laliga Alternativo 3 (Prebuf a 0)", "link": "a3bca895c58d3fc7d5e4259d3d5e3cf0291d1914"}
{"name": "DAZN LaLiga 1080p MultiAudio (Prebuf a 0)", "link": "1960a9be8ae9e8c755330218eac4c5805466290a"}
{"name": "DAZN LaLiga 1080p MultiAudio (Prebuf a 0)", "link": "75251ba975132ec9a202806ba5bf606e87280c96"}
{"name": "EuroSport 1 (Prebuf a 0)", "link": "5e4cd48c79f991fcbee2de8b9d30c4b16de3b952"}
{"name": "EuroSport 2 (Prebuf a 0)", "link": "c373da9e901d414b7384e671112e64d5a2310c29"}
{"name": "M. Golf (Prebuf a 0)", "link": "4f945b0ba4206fa2676b61e9eaa465ac3dcc8122"}
{"name": "Eleven Sport 1 4K (prebuf a 0) (Pol)", "link": "35e56fe4a3b23e4e31b7a4ee21562227fbd05624"}
{"name": "LaLiga TV Bar trompicones cambo a liga de campeones 1", "link": "608b0faf7d3d25f6fe5dba13d5e4b4142949990e"}
{"name": "DAZN LaLiga MultiAudio", "link": "110d441ddc9713a7452588770d2bc85504672f47"}
{"name": "DAZN LaLiga 2", "link": "97ba38d47680954be40e48bd8f43e17222fefecb"}
{"name": "DAZN LaLiga 2", "link": "83c6c4942d69f4aa324aa746c5d7dbfd7d1572b3"}
{"name": "LaLiga Hypermotion", "link": "6d05b31e5e8fdae312fbd57897363a7b10ddb163"}
{"name": "LaLiga Hypermotion", "link": "b2706a7ffbea236a3b398139a3a606ada664c0eb"}
{"name": "LaLiga Hypermotion 2", "link": "0cfdfde1b70623b8c210b0f7301be2a87456481d"}
{"name": "M. LaLiga MultiAudio", "link": "d3de78aebe544611a2347f54d5796bd87f16c92d"}
{"name": "M. LaLiga Multiaudio (720p)", "link": "f5a769b1d4d97673dcaae415bf197706a8056428"}
{"name": "M. LaLiga", "link": "b308f69384b9be8c5cfdcb45cfcc3d595b0cbaa1"}
{"name": "M. LaLiga", "link": "7fc274f1bccb3d755c8e0760459bd81056eb998f"}
{"name": "M. LaLiga", "link": "94d34491106e00394835c8cb68aa94481339b53f"}
{"name": "M. LaLiga", "link": "6d05b31e5e8fdae312fbd57897363a7b10ddb163"}
{"name": "M. LaLiga", "link": "1bc437bce57b4b0450f6d1f8d818b7e97000745e"}
{"name": "M. LaLiga", "link": "aa82e7d4f03061f2144a2f4be22f2e2210d42280"}
{"name": "M. LaLiga (720p)", "link": "1bc437bce57b4b0450f6d1f8d818b7e97000745e"}
{"name": "M. LaLiga 2 (720p)", "link": "f31a586422c9244196c810c84b6c85da350318a5"}
