{"name": "DAZN LaLiga", "link": "74defb8f4ed3a917fd07c21b34f43c17107ec618"}
{"name": "DAZN Laliga (720p)", "link": "4e6d9cf7d177366045d33cd8311d8b1d7f4bed1f"}
{"name": "M. LaLiga", "link": "4b528d10eaad747ddf52251206177573ee3e9f74"}
{"name": "M. LaLiga Multiaudio (720p)", "link": "00c9bc9c5d7d87680a5a6bed349edfa775a89947"}
{"name": "M. LaLiga (4K Retraso)", "link": "d15a0eaf825b5f8f94259d5209688a7e97e6acde"}
{"name": "M. LaLiga (4K Retraso)", "link": "cc9b7f5fe416069a2110da0909b0f915043c468b"}
{"name": "M. LaLiga", "link": "f55ad68ef6d3838df262c6690f9fb76ba7e0979b"}
{"name": "M. Deps 2", "link": "73d38feaa770d788848ec098470e32670fe55a61"}
{"name": "M. LaLiga", "link": "107c3ce5a5d2527c9f06e4eab87477201791f231"}
{"name": "M. LaLiga", "link": "d2ddf9802ccfdc456f872eea4d24596880a638a0"}
{"name": "Dazn 1", "link": "b03f9310155cf3b4eafc1dfba763781abc3ff025"}
{"name": "Dazn 1", "link": "36394be1db2e20b5997d987c32fd38c7f0f194b7"}
{"name": "Dazn 2", "link": "43004e955731cd3afcc34d24e5178d4b427bff37"}
{"name": "Dazn LaLiga", "link": "0e50439e68aa2435b38f0563bb2f2e98f32ff4b1"}
{"name": "Dazn LaLiga", "link": "1bb5bf76fb2018d6db9aaa29b1467ecdfabe2884"}
{"name": "M. Deps 2", "link": "73d38feaa770d788848ec098470e32670fe55a61"}
{"name": "M. Deps 2", "link": "73d38feaa770d788848ec098470e32670fe55a61"}
{"name": "M. Deps 2", "link": "73d38feaa770d788848ec098470e32670fe55a61"}
{"name": "M. Deps 2", "link": "73d38feaa770d788848ec098470e32670fe55a61"}
{"name": "M. Deps 2", "link": "73d38feaa770d788848ec098470e32670fe55a61"}
{"name": "M. Liga Campeones", "link": "d2ddf9802ccfdc456f872eea4d24596880a638a0"}
{"name": "M. Liga Campeones", "link": "f3eea003e23f94dc2d527306de9dd386e3ebf4ba"}
{"name": "M. Deportes 1", "link": "5d3f582738467aaf213e408601aca5cc13fa9359"}
{"name": "M. Deportes 1", "link": "3692ea4cdda97eb0062ed5d656ebd61f149ebd0b"}
{"name": "M. Golf", "link": "9ed46050217ee6ed8236a64b72d7992f7b3b37f2"}
{"name": "DAZN F1", "link": "b08e158ea3f5c72084f5ff8e3c30ca2e4d1ff6d1"}
{"name": "DAZN F1 (720p)", "link": "ed6188dcbb491efeb2092c1a6199226c27f61727"}
{"name": "DAZN F1", "link": "515efd8115482bda8d92aa6df9a882a5e5797494"}
{"name": "DAZN F1", "link": "fd53cfa7055fe458d4f5c0ff59a06cd43723be55"}
{"name": "F1 TV (USA)", "link": "d18804b3d56a949301bf184e4a6c675affe42d61"}
{"name": "DAZN 1", "link": "50a8a13c474848d1efbd5586efdb5b6cdd173fa9"}
{"name": "DAZN 1", "link": "eb6ffec065b26259ad3d1811e0bbb0a5332ed276"}
{"name": "DAZN 1", "link": "7ba1f321f4d0791b7ebd42f41a07c1cd1479e784"}
{"name": "DAZN 1 (720p)", "link": "6538b79ce0da657d8455d1da6a5f342398899a0e"}
{"name": "DAZN 3", "link": "d1d9ec2361a6ac8edc0b2841866383768cc28df9"}
{"name": "DAZN 4 (720p)", "link": "7e90956539f4e1318a63f3960e4f75c7c7c5a3b8"}
{"name": "Eleven Sport 1 (4K - Pol)", "link": "7ac2d74ef6df9d15012992d7e0e635a95f58c652"}
{"name": "Eleven Sport 1 (Pol)", "link": "14407b00d454cb7dc0d70aa26e8bbc554f457f00"}
{"name": "Eleven Sport 1 (Pol)", "link": "35e56fe4a3b23e4e31b7a4ee21562227fbd05624"}
{"name": "Setanta Sports 2 (Rus)", "link": "f6d68cfa8694f814983f2a5757f4e0c4964b880c"}
{"name": "Match! TV (Rus)", "link": "a203f6b935a8ad8659c4c76c1d9c13afa6368ef2"}
{"name": "Match! Football 1 (Rus)", "link": "b28db77c5084da7993395d77df96c30bb134f0a9"}
{"name": "Match! Football 2 (Rus)", "link": "ffbf8c687c788d9a1a7c651e24802ee773ff3f04"}
{"name": "Match! Football 3 (Rus)", "link": "b6baa046075d82da300fc1b16de96067a8b9540e"}
{"name": "beIN Sports France 1 HD (Fra)", "link": "bba1905fcd1c4975aec544047bf8e4cd23ce3fe0"}
{"name": "Ziggo Sports (Ned)", "link": "fcd7621df513f600652b4813d5d8fd1daed60058"}
{"name": "Ziggo Sports 2 (720p - Ned)", "link": "868a6187d6aeec65ded84bd777814c9f7b7a9027"}
{"name": "ESPN (Usa)", "link": "4b4907de51ec11087d4bed5876f2a0c68264f442"}
{"name": "Fox Sports 1 (USA)", "link": "c9c062941fbecb16ce29437f346ea7177d720898"}
{"name": "Fox Sports 2 (USA)", "link": "cba8d369eac629b577750edb90370cd1c5fb03b7"}
{"name": "TNT Sports 1 (UK)", "link": "efc60cfe5e3a349baa02bcc49f6647c21a9c3c5b"}
{"name": "TNT Sports 4 (UK)", "link": "fc5089d8e1519872fdf951779ccbca913acc9bce"}
{"name": "NBA TV (Eng)", "link": "e72d03fb9694164317260f684470be9ab781ed95"}
{"name": "Sky Sport+ (Eng)", "link": "d317a003e8047da2c36a2a2bb2289578c9a3b79c"}
{"name": "Sky Sports Football (Eng)", "link": "8dbe2d515e9131fa311353537736f8c94be9b26d"}
{"name": "Sky Sports F1 (Ger)", "link": "b04372b9543d763bd2dbd2a1842d9723fd080076"}
{"name": "Sky Sports 1 Bundesliga (Ger)", "link": "38d8789a448dd0eaf99e0274b555974e4e8f3f3b"}
{"name": "NOOOOOOOOOOOOOOO", "link": "4b528d10eaad747ddf52251206177573ee3e9f74"}
{"name": "RFEF (NO-24h)", "link": "c1ee6e1e0ef5928d8261f855c417de21794f437d"}
{"name": "RFEF (NO-24h)", "link": "8677d339ecddd75165c0015025f598b6215974cf"}
{"name": "M. Liga Campeones MultiAudio (NO-24h)", "link": "775abd8697715c48a357906d40734ccd2a10513c"}
{"name": "M. Liga Campeones", "link": "0f0850a62ecdc4f79eec221cbebad01f3e0242bc"}
{"name": "M. Liga Campeones", "link": "bb5a8bf7752e978460ee1710e5e8950a5c9e1f99"}
{"name": "M. Liga Campeones", "link": "e572a5178ff72eed7d1d751a18b4b3419699f370"}
{"name": "M. Liga Campeones (NO-24h)", "link": "0a26e20f39845e928411e09a124374fccb6e1478"}
{"name": "M. Liga Campeones 02", "link": "c070cdb701fc46bb79d17568d99fc64620443d63"}
{"name": "M. Liga Campeones 03", "link": "3618edda333dad5374ac2c801f5f14483934b97d"}
{"name": "M. Liga Campeones 03", "link": "8e65f92af1de567f0af83562c5a14a3db6dc8ac8"}
{"name": "M. Liga Campeones 04", "link": "65a18a6bd83918a9586b673fec12405aaf4e9f7d"}
{"name": "M. Liga Campeones 05", "link": "11744c25a594e17d587ed0871fe40ff21b4bd1e0"}
{"name": "M. Liga Campeones 06 (720p)", "link": "fdda1f0dd8c33fbdc5a66ab98e291f570cae67cd"}
{"name": "M. Liga Campeones 07 (720p)", "link": "b7f47db93dced60f54e8f89e2366ed061b534049"}
{"name": "M. Liga Campeones 08 (720p)", "link": "d298c6e5c8be71f5995b45289c6388b225318b3c"}
{"name": "M. Liga Campeones 09 (720p)", "link": "2d7c4cfb3987b652a779afc894cca2fccbbacf21"}
{"name": "M. Liga Campeones 10 (720p)", "link": "c056f9e180cd7d40963129a17ff54f4ee8259353"}
{"name": "M. Liga Campeones 11 (720p)", "link": "a12a16f74cf12799d4475ae867dc61eb60e1ba2e"}
{"name": "M. Liga Campeones 12 (720p)", "link": "df7d145fcaf0566db4098d2f10236185d92bc9fd"}
{"name": "M. Liga Campeones 13 (720p)", "link": "bdfe9ebe62d690c1b13eef4346d72e618cfbe804"}
{"name": "DAZN 2", "link": "b0eabe0fdd02fdd165896236765a9b753a2ff516"}
{"name": "DAZN 2", "link": "ca923c9873fd206a41c1e83ff8fc40e3cf323c9a"}
{"name": "DAZN 3 (NO-24h)", "link": "19cd05c7ae26f22737ae5728b571ca36abd8a2e8"}
{"name": "DAZN 4", "link": "4e83f23945ab3e43982045f88ec31daaa4683102"}
{"name": "Movistar +", "link": "56ac8e227d526e722624675ccdd91b0cc850582f"}
{"name": "Movistar +", "link": "bf270b6486daf3a2aa54bc027fd7cb02401a447a"}
{"name": "Movistar + (4K) ????", "link": "7138311a683384297b7ba47020badf454a4376aa"}
{"name": "Vamos", "link": "12ba546d229bc39f01c3c18988a034b215fe6adb"}
{"name": "Vamos (720p)", "link": "d03c13b6723f66155d7a0df3692a3b073fe630f2"}
{"name": "M. Deportes 1", "link": "55d4602cb22b0d8a33c10c2c2f42dae64a9e8895"}
{"name": "M. Deportes 1 (NO-24h)", "link": "acb510858f34c3c6fd5f79395b031abd6885c2b3"}
{"name": "M. Deportes 1 (NO-24h - 720p)", "link": "3a74d9869b13e763476800740c6625e715a39879"}
{"name": "M. Deportes 2", "link": "639c561dd57fa3fc91fde715caeb696c5efb7ce7"}
{"name": "M. Deportes 3", "link": "571bff4d12b1791eb99dbf20bec38e630693a6a3"}
{"name": "M. Deportes 4", "link": "b4d1308a61e4caf8c06ac3d6ce89d165c015c2fb"}
{"name": "M. Deportes 5", "link": "fcc0fd75bf1dba40b108fcf0d3514e0e549bfbac"}
{"name": "M. Deportes 6", "link": "cc5782d37ae6b6e0bab396dd64074982d0879046"}
{"name": "M. Deportes 7", "link": "070f82d6443a52962d6a2ed9954c979b29404932"}
{"name": "M. Golf", "link": "872608e734992db636eb79426802cd08f4029afb"}
{"name": "ESPN (Esp)", "link": "8677d339ecddd75165c0015025f598b6215974cf"}
{"name": "Sky Sports Golf", "link": "7f0f325c3eafce8bfedfc43a9ddb13f063bf0879"}
{"name": "UFC (Eng)", "link": "626fc7cf70680d1d77b4b5293be94f63c910ee92"}
{"name": "MAX UFC PPV", "link": "405f4975c759816fbc6606eeb990666f1853dfe2"}
{"name": "Polsat Sports Fight (Pol)", "link": "9e7fe279f421b734a8af9e68320955fd16f80b4b"}
{"name": "TNT Sports 1 (720p - Eng) ", "link": "8a99150eb24e6b22d3944381d071d91d23dc94e0"}
{"name": "TNT Sports 2 (720p - Eng) ", "link": "96557b62d2888c7f08db3721f45f05ab6a56ee1f"}
{"name": "TNT Sports 3 (720p - Eng) ", "link": "24bab6b11bdd0f7de628b20b717562b12a3cd720"}
{"name": "beIN Sports Extra ñ", "link": "92a7dcc55392efc6dd5d012c4ff3878891eb6a6e"}
{"name": "Fox Sports Premium (Eng)", "link": "6994af284ecab2996f9b140ef44b8da8bfee0006"}
{"name": "Premier Sports 2 (Eng)", "link": "4903ca695edb64bc72ae29eb85a5333ba0139537"}
{"name": "DAZN Pro League 1 (Ned)", "link": "caf4c1f421129f24b554946a6a82c89b108b9571"}
{"name": "ESPN 2 (Usa)", "link": "664eb5fe460b96941aed633959a845b185cd8394"}
{"name": "beIN Sports (Usa)", "link": "f62e1e9b220b8802fe646eadd6354196ffb8a981"}
{"name": "beIN Sports (Usa)", "link": "d038851c2fd772fcec5b7d548aed631df8c2e524"}
{"name": "beIN Sports (Usa)", "link": "7ac8bd6fa7bba2a88e5979923c3e53de99478ab4"}
{"name": "beIN Sports (Usa)", "link": "d7957fe1d7da96140429bf400bf298531a39ca97"}
{"name": "Sky Sport Bundesliga 1 (Ger)", "link": "9700644f987912614b41618a1663b30915b25dc1"}
{"name": "Sky Sport Bundesliga 2 (Ger)", "link": "456fb01a7b401c1799c47aa2c35a288e9f01ff68"}
