{"name": "Movistar LaLiga", "link": "eb51a76b3ff497de099b66749f215b46d19b852d"}
{"name": "M. LaLiga", "link": "3cff8a3c46154e9db9cb60f73cc590ba7055fc75"}
{"name": "M. LaLiga", "link": "c1959a27edb0b94c5005a2dea93b7a70d4312f1c"}
{"name": "DAZN LaLiga", "link": "8a25653a2f774f4ae1062d38a30dcd714d304a3a", "running": false}
{"name": "DAZN LaLiga", "link": "9e20d38cdbe6ca80efe504916d677de43a044966", "running": false}
{"name": "Laliga 4 720", "link": "e17852077a47805740328290a271ec66df828b9e"}
{"name": "M. LaLiga (disabled)", "link": "83d43d89061d3790c1a9938a967ce8734a0bd6ce"}
{"name": "M. LaLiga 2", "link": "ece9d873508195d3cbb61d4edd428b59f47a1541"}
{"name": "M. LaLiga 3", "link": "b24546262982de27283bb378307bb427509ed814"}
{"name": "M. LaLiga 4", "link": "4406d0bf8ce6ff77e13891a4e7a6e2fea124e4fb"}
{"name": "M+ LaLiga FHD", "link": "0bd70b57127c5e466f8f997617ba0389b7446e4a"}
{"name": "SKY Sports LaLiga 1080", "link": "c0b2f35d7626a0bef1c126dbd79e29f4396cf544"}
{"name": "SKY Sports LaLiga SD", "link": "9aff9898b29f3fa107de7d7aec38a70a9dfe699c"}
{"name": "M+ LALIGA --> SPORT TV", "link": "31c19ffb3472c289c5bbbbc174449c8ed0d19e38"}
{"name": "Dazn LaLiga HEVC --> NEW ERA", "link": "98f02b88685f3dd4cd2b4be0a87a689b0d680c74"}
{"name": "M+ LaLiga FHD --> NEW ERA", "link": "b4585c27169685d34bfdf43471f0603c8200cff6"}
{"name": "M+ LALIGA FHD --> NEW ERA", "link": "af458073c3096293a4dea9f369d4f308e7125bd6"}
{"name": "M+ LALIGA 2 --> SPORT TV", "link": "b8eb9c9868d487402569bba2d97a8af113d033fe"}
{"name": "M+ LALIGA 3 --> SPORT TV", "link": "571ce113b9d600a145766443d7417eccab2e1846"}
{"name": "M+ LALIGA 4 --> SPORT TV", "link": "22178d72e0f255dedd7e56f9474fea879289a6f1"}
{"name": "Movistar LaLiga --> NEW ERA VI (shickat.me)", "link": "2d080d03cf2aff7773b3588f36d78cb22cef5dd7"}
{"name": "Movistar LaLiga --> NEW ERA VI (shickat.me)", "link": "3ea828bd9b7349579c2ae5845135cbf209bd9459"}
{"name": "Movistar LaLiga --> NEW ERA VI (shickat.me)", "link": "4534da0028134b85ca0fad9e471d1ab74c331528"}
{"name": "M+ LaLiga 2 FHD --> NEW ERA", "link": "7daa4368176694ca4ed46f44f006b6181dbc6bd7"}
{"name": "M+ LaLiga 3 FHD --> NEW ERA", "link": "0b92b5102039e55e15cdc8bdf2a5d5c2fddc1bca"}
{"name": "M+ LALIGA FHD --> NEW ERA II", "link": "d4ff041287a43e3114d411d671c4b4e92e21f33y"}
{"name": "Movistar LaLiga 2 --> NEW ERA VI (shickat.me)", "link": "5f4af69f89c76e567eecfe449431c67a1237326f"}
{"name": "DAZN LA LIGA 1 --> SPORT TV", "link": "dda5d2cace9bc4cb0918e62bc50d657d4a10496a"}
{"name": "DAZN LA LIGA 1 --> NEW ERA", "link": "19f28f60c908f987b1a03da078e63320d7bf29e8", "valido": true, "Válido": true, "running": true}
{"name": "DAZN LA LIGA 1 FHD --> NEW ERA", "link": "b2e44f314c554294cc3b42f867bd432bd3306aab"}
{"name": "DAZN LA LIGA 2 FHD --> NEW ERA", "link": "725760009950ad23ed444de76c0f5a98c536620c"}
{"name": "DAZN LA LIGA 1 FHD --> NEW ERA", "link": "d1596a3988b84a4d2711fd380eb8a53256ad74ae"}
{"name": "DAZN LA LIGA 2 FHD --> NEW ERA", "link": "635b61c1f240449163260cd914d10d886a54fee3"}
