<?xml version="1.0" encoding="UTF-8" standalone="yes"?>
<addon id="repository.manilovic" name="[COLOR lime]Repositorio Manilovic[/COLOR]" version="2.0.0" provider-name="Manilovic">
    <extension point="xbmc.addon.repository" name="Manilovic official Repo">
        <dir>
            <info compressed="false">https://raw.githubusercontent.com/manilovic/repository.manilovic/master/repo/zips/addons.xml</info>
            <checksum>https://raw.githubusercontent.com/manilovic/repository.manilovic/master/repo/zips/addons.xml.md5</checksum>
            <datadir zip="true">https://raw.githubusercontent.com/manilovic/repository.manilovic/master/repo/zips/</datadir>
        </dir>
    </extension>
    <extension point="xbmc.addon.metadata">
        <summary>Repositorio Manilovic</summary>
        <description>Repo de Manilovic</description>
        <disclaimer></disclaimer>
        <platform>all</platform>
        <assets>
            <icon>icon.png</icon>
            <fanart>fanart.jpg</fanart>
        </assets>
    </extension>
</addon>
