{"name": "LaLiga TV Bar MultiAudio", "link": "94d34491106e00394835c8cb68aa94481339b53f"}
{"name": "LaLiga TV Bar (720p)", "link": "954b2cb573313690f2a6d6a2e70102fb49ace952"}
{"name": "LaLiga TV Bar (720p)", "link": "5834660ff7ae10f0514dc23c241c054dc0272d01"}
{"name": "DAZN LaLiga MultiAudio", "link": "110d441ddc9713a7452588770d2bc85504672f47"}
{"name": "DAZN LaLiga 2", "link": "97ba38d47680954be40e48bd8f43e17222fefecb"}
{"name": "DAZN LaLiga 2", "link": "83c6c4942d69f4aa324aa746c5d7dbfd7d1572b3"}
{"name": "M. LaLiga (4K)", "link": "d15a0eaf825b5f8f94259d5209688a7e97e6acde"}
{"name": "M. LaLiga (4K)", "link": "cc9b7f5fe416069a2110da0909b0f915043c468b"}
{"name": "M. LaLiga MultiAudio", "link": "d3de78aebe544611a2347f54d5796bd87f16c92d"}
{"name": "M. LaLiga Multiaudio (720p)", "link": "f5a769b1d4d97673dcaae415bf197706a8056428"}
{"name": "M. LaLiga", "link": "b308f69384b9be8c5cfdcb45cfcc3d595b0cbaa1"}
{"name": "M. LaLiga", "link": "7fc274f1bccb3d755c8e0760459bd81056eb998f"}
{"name": "M. LaLiga (720p)", "link": "1bc437bce57b4b0450f6d1f8d818b7e97000745e"}
{"name": "M. LaLiga 2 (720p)", "link": "f31a586422c9244196c810c84b6c85da350318a5"}
{"name": "LaLiga Hypermotion", "link": "6d05b31e5e8fdae312fbd57897363a7b10ddb163"}
{"name": "LaLiga Hypermotion", "link": "b2706a7ffbea236a3b398139a3a606ada664c0eb"}
{"name": "LaLiga Hypermotion 2", "link": "0cfdfde1b70623b8c210b0f7301be2a87456481d"}
{"name": "RFEF (NO-24h)", "link": "c1ee6e1e0ef5928d8261f855c417de21794f437d"}
{"name": "RFEF (NO-24h)", "link": "8677d339ecddd75165c0015025f598b6215974cf"}
{"name": "M. Liga Campeones MultiAudio (NO-24h)", "link": "775abd8697715c48a357906d40734ccd2a10513c"}
{"name": "M. Liga Campeones", "link": "0f0850a62ecdc4f79eec221cbebad01f3e0242bc"}
{"name": "M. Liga Campeones", "link": "bb5a8bf7752e978460ee1710e5e8950a5c9e1f99"}
{"name": "M. Liga Campeones", "link": "e572a5178ff72eed7d1d751a18b4b3419699f370"}
{"name": "M. Liga Campeones (NO-24h)", "link": "0a26e20f39845e928411e09a124374fccb6e1478"}
{"name": "M. Liga Campeones 02", "link": "c070cdb701fc46bb79d17568d99fc64620443d63"}
{"name": "M. Liga Campeones 03", "link": "3618edda333dad5374ac2c801f5f14483934b97d"}
{"name": "M. Liga Campeones 03", "link": "8e65f92af1de567f0af83562c5a14a3db6dc8ac8"}
{"name": "M. Liga Campeones 04", "link": "65a18a6bd83918a9586b673fec12405aaf4e9f7d"}
{"name": "M. Liga Campeones 05", "link": "11744c25a594e17d587ed0871fe40ff21b4bd1e0"}
{"name": "M. Liga Campeones 06 (720p)", "link": "fdda1f0dd8c33fbdc5a66ab98e291f570cae67cd"}
{"name": "M. Liga Campeones 07 (720p)", "link": "b7f47db93dced60f54e8f89e2366ed061b534049"}
{"name": "M. Liga Campeones 08 (720p)", "link": "d298c6e5c8be71f5995b45289c6388b225318b3c"}
{"name": "M. Liga Campeones 09 (720p)", "link": "2d7c4cfb3987b652a779afc894cca2fccbbacf21"}
{"name": "M. Liga Campeones 10 (720p)", "link": "c056f9e180cd7d40963129a17ff54f4ee8259353"}
{"name": "M. Liga Campeones 11 (720p)", "link": "a12a16f74cf12799d4475ae867dc61eb60e1ba2e"}
{"name": "M. Liga Campeones 12 (720p)", "link": "df7d145fcaf0566db4098d2f10236185d92bc9fd"}
{"name": "M. Liga Campeones 13 (720p)", "link": "bdfe9ebe62d690c1b13eef4346d72e618cfbe804"}
{"name": "DZN F1", "link": "d6281d4e6310269b416180442a470d23a4a99dc9"}
{"name": "DAZN 1 (720p)", "link": "35c7f0c966ecde3390f4510bb4caded40018c07a"}
{"name": "Super Sport Motosport (Eng)", "link": "a2043bb6885dcdb46bb88a647825a45b31f31d5b"}
{"name": "DAZN 1", "link": "d5b2c6b940cf3df5e8f9dc6f000f0ea23a10b151"}
{"name": "DAZN 1 (NO-24h)", "link": "c6ea3537adee1384c6420c53beaaa1e364e2ff59"}
{"name": "DAZN 2", "link": "b0eabe0fdd02fdd165896236765a9b753a2ff516"}
{"name": "DAZN 2", "link": "ca923c9873fd206a41c1e83ff8fc40e3cf323c9a"}
{"name": "DAZN 3", "link": "d1d9ec2361a6ac8edc0b2841866383768cc28df9"}
{"name": "DAZN 3 (NO-24h)", "link": "19cd05c7ae26f22737ae5728b571ca36abd8a2e8"}
{"name": "DAZN 4", "link": "7e90956539f4e1318a63f3960e4f75c7c7c5a3b8"}
{"name": "DAZN 4", "link": "4e83f23945ab3e43982045f88ec31daaa4683102"}
{"name": "Movistar +", "link": "56ac8e227d526e722624675ccdd91b0cc850582f"}
{"name": "Movistar +", "link": "bf270b6486daf3a2aa54bc027fd7cb02401a447a"}
{"name": "Movistar + (4K) ????", "link": "7138311a683384297b7ba47020badf454a4376aa"}
{"name": "Vamos", "link": "12ba546d229bc39f01c3c18988a034b215fe6adb"}
{"name": "Vamos (720p)", "link": "d03c13b6723f66155d7a0df3692a3b073fe630f2"}
{"name": "M. Deportes 1", "link": "55d4602cb22b0d8a33c10c2c2f42dae64a9e8895"}
{"name": "M. Deportes 1 (NO-24h)", "link": "acb510858f34c3c6fd5f79395b031abd6885c2b3"}
{"name": "M. Deportes 1 (NO-24h - 720p)", "link": "3a74d9869b13e763476800740c6625e715a39879"}
{"name": "M. Deportes 2", "link": "639c561dd57fa3fc91fde715caeb696c5efb7ce7"}
{"name": "M. Deportes 3", "link": "571bff4d12b1791eb99dbf20bec38e630693a6a3"}
{"name": "M. Deportes 4", "link": "b4d1308a61e4caf8c06ac3d6ce89d165c015c2fb"}
{"name": "M. Deportes 5", "link": "fcc0fd75bf1dba40b108fcf0d3514e0e549bfbac"}
{"name": "M. Deportes 6", "link": "cc5782d37ae6b6e0bab396dd64074982d0879046"}
{"name": "M. Deportes 7", "link": "070f82d6443a52962d6a2ed9954c979b29404932"}
{"name": "NBA TV (Eng)", "link": "e72d03fb9694164317260f684470be9ab781ed95"}
{"name": "ESPN (Esp)", "link": "8677d339ecddd75165c0015025f598b6215974cf"}
{"name": "Sky Sport+ (Eng)", "link": "d317a003e8047da2c36a2a2bb2289578c9a3b79c"}
{"name": "Sky Sports Football (Eng)", "link": "8dbe2d515e9131fa311353537736f8c94be9b26d"}
{"name": "Sky Sports F1 (Ger)", "link": "b04372b9543d763bd2dbd2a1842d9723fd080076"}
{"name": "Sky Sports Golf", "link": "7f0f325c3eafce8bfedfc43a9ddb13f063bf0879"}
{"name": "Sky Sports 1 Bundesliga (Ger)", "link": "38d8789a448dd0eaf99e0274b555974e4e8f3f3b"}
{"name": "DAZN 1 (Por)", "link": "36cad67fed5a739757a9db844a551aa845a8d51b"}
{"name": "DAZN 1 (Ger)", "link": "897e73c9d578848f596585314ecb9ae067c0e229"}
{"name": "DAZN 1 Bar (Ger)", "link": "897e73c9d578848f596585314ecb9ae067c0e229"}
{"name": "UFC (Eng)", "link": "626fc7cf70680d1d77b4b5293be94f63c910ee92"}
{"name": "MAX UFC PPV", "link": "405f4975c759816fbc6606eeb990666f1853dfe2"}
{"name": "Polsat Sports Fight (Pol)", "link": "9e7fe279f421b734a8af9e68320955fd16f80b4b"}
{"name": "TNT Sports 1 (720p - Eng) ", "link": "8a99150eb24e6b22d3944381d071d91d23dc94e0"}
{"name": "TNT Sports 2 (720p - Eng) ", "link": "96557b62d2888c7f08db3721f45f05ab6a56ee1f"}
{"name": "TNT Sports 3 (720p - Eng) ", "link": "24bab6b11bdd0f7de628b20b717562b12a3cd720"}
{"name": "beIN Sports Extra \u00f1", "link": "92a7dcc55392efc6dd5d012c4ff3878891eb6a6e"}
{"name": "beIN Sports France 1 HD (Fra)", "link": "bba1905fcd1c4975aec544047bf8e4cd23ce3fe0"}
{"name": "beIN Sports France 2 HD (Fra)", "link": "edb507e38394d614c9ff55805c9d354ae13210bc"}
{"name": "beIN Sports France 3 HD (Fra)", "link": "731bd3336ec0986ff9100efe40dbaf1473a22cf8"}
{"name": "Fox Sports Premium (Eng)", "link": "6994af284ecab2996f9b140ef44b8da8bfee0006"}
{"name": "Premier Sports 2 (Eng)", "link": "4903ca695edb64bc72ae29eb85a5333ba0139537"}
{"name": "Ziggo Sports (Ned)", "link": "fcd7621df513f600652b4813d5d8fd1daed60058"}
{"name": "Ziggo Sports 2 (720p - Ned)", "link": "868a6187d6aeec65ded84bd777814c9f7b7a9027"}
{"name": "Eleven Sport 1 (4K - Pol)", "link": "7ac2d74ef6df9d15012992d7e0e635a95f58c652"}
{"name": "Eleven Sport 1 (Pol)", "link": "14407b00d454cb7dc0d70aa26e8bbc554f457f00"}
{"name": "Eleven Sport 1 (Pol)", "link": "35e56fe4a3b23e4e31b7a4ee21562227fbd05624"}
{"name": "Setanta Sports 2 (Rus)", "link": "f6d68cfa8694f814983f2a5757f4e0c4964b880c"}
{"name": "Match! TV (Rus)", "link": "a203f6b935a8ad8659c4c76c1d9c13afa6368ef2"}
{"name": "Match! Football 1 (Rus)", "link": "b28db77c5084da7993395d77df96c30bb134f0a9"}
{"name": "Match! Football 2 (Rus)", "link": "ffbf8c687c788d9a1a7c651e24802ee773ff3f04"}
{"name": "Match! Football 3 (Rus)", "link": "b6baa046075d82da300fc1b16de96067a8b9540e"}
