{"name": "LaLiga TV Bar trompicones", "link": "608b0faf7d3d25f6fe5dba13d5e4b4142949990e"}
{"name": "DZN F1 NO", "link": "5789ca155323664edd293b848606688edf803f4d"}
{"name": "M. Liga Campeones 03 (720p) NO", "link": "762b53bf50de49569226e72c9381d64c8b7d3b56"}
{"name": "M. Liga Campeones 05 (720p) NO", "link": "67786dae02c3d2022dc2f024fb06f1c98b1a55ba"}
{"name": "M. Liga Campeones 07 (720p) NO", "link": "b7f47db93dced60f54e8f89e2366ed061b534049"}
{"name": "EuroSport 2 NO", "link": "c373da9e901d414b7384e671112e64d5a2310c29"}
{"name": "Dazn Laliga Alternativo NO", "link": "1960a9be8ae9e8c755330218eac4c5805466290a"}
{"name": "Dazn Laliga Alternativo 1 NO", "link": "75251ba975132ec9a202806ba5bf606e87280c96"}
{"name": "Dazn Laliga Alternativo 2 NO", "link": "95b2238dec35cf00dfdf8fba18e9920bc2c56256"}
{"name": "Dazn Laliga Alternativo 3 NO", "link": "a3bca895c58d3fc7d5e4259d3d5e3cf0291d1914"}
{"name": "DAZN LaLiga 1080p MultiAudio NO", "link": "1960a9be8ae9e8c755330218eac4c5805466290a"}
{"name": "DAZN LaLiga 1080p MultiAudio NO", "link": "75251ba975132ec9a202806ba5bf606e87280c96"}
