{"name": "LaLiga TV Bar (Prebuf a 0)", "link": "a7a545d5f8040ca6626aa24f550c286642f24928"}
{"name": "LaLiga TV Bar (Prebuf a 0)", "link": "eb3fe9045283703e50f338428e22471350660015"}
{"name": "LaLiga TV Bar (NO)", "link": "608b0faf7d3d25f6fe5dba13d5e4b4142949990e"}
{"name": "LaLiga TV Bar MultiAudio", "link": "94d34491106e00394835c8cb68aa94481339b53f"}
{"name": "LaLiga TV Bar (720p)", "link": "954b2cb573313690f2a6d6a2e70102fb49ace952"}
{"name": "LaLiga TV Bar (720p)", "link": "5834660ff7ae10f0514dc23c241c054dc0272d01"}
{"name": "M. LaLiga (Prebuf a 0)", "link": "4f416d74e9feb1812f7d10c637e46d40ebab3e2b"}
{"name": "LaLiga Hypermotion (Prebuf a 0)", "link": "0a335406bad0b658aeddb2d38f8c0614b2e5623a"}
{"name": "DZN F1 NO", "link": "5789ca155323664edd293b848606688edf803f4d"}
{"name": "DZN F1", "link": "d6281d4e6310269b416180442a470d23a4a99dc9"}
{"name": "DZN F1", "link": "ba87f528de030aad56576f7cbb9d8bbd7efd62b9"}
{"name": "DZN F1 (Prebuf a 0)", "link": "073d33a5e5270399154bb251fcc95f99c0741264"}
{"name": "DZN F1 (Prebuf a 0)", "link": "caacce193d67231641e4da54aed2333eaee16fd0"}
{"name": "DZN F1 4k (Prebuf a 0)", "link": "6b94479c24898700089e6b87d28a3ccc72dc4041"}
{"name": "DZN F1 4k (Prebuf a 0)", "link": "6b94479c24898700089e6b87d28a3ccc72dc4041"}
{"name": "DZN F1 4k (Prebuf a 0)", "link": "c372020ed2744033f56548b6beb11a9f3e740f37"}
{"name": "DZN F1 4k (Prebuf a 0)", "link": "5853ff69c8588fe23ff5555261d4a43e6ad2f1ae"}
{"name": "F1 TV (Prebuf a 0)", "link": "596887e47123169410249d867e4cbf1e6d316248"}
{"name": "F1 TV (720p) (Prebuf a 0)", "link": "821eb83594bac4da4f2877f88e56d05400bb5d1b"}
{"name": "F1 TV (Prebuf a 0)", "link": "be9686ae7cb95f68821c0c5b8e416dbea6188305"}
{"name": "DZN F1 NO", "link": "5789ca155323664edd293b848606688edf803f4d"}
{"name": "DZN F1 (Prebuf a 0)", "link": "9dad717d99b29a05672166258a77c25b57713dd5"}
{"name": "DZN F1 (720p) (Prebuf a 0)", "link": "e1fcad9de0c782c157fde6377805c58297ab65c2"}
{"name": "DZN F1 (Prebuf a 0)", "link": "dce1579e3a2e5bd29071fca8eae364f1eb3205cf"}
{"name": "F1 TV (Prebuf a 0)", "link": "be9686ae7cb95f68821c0c5b8e416dbea6188305"}
{"name": "M. Liga Campeones 03 (720p Prebuf a 0)", "link": "762b53bf50de49569226e72c9381d64c8b7d3b56"}
{"name": "M. Liga Campeones 05 (720p Prebuf a 0)", "link": "67786dae02c3d2022dc2f024fb06f1c98b1a55ba"}
{"name": "M. Liga Campeones 07 (720p) NO", "link": "b7f47db93dced60f54e8f89e2366ed061b534049"}
{"name": "Dazn Laliga Alternativo (Prebuf a 0)", "link": "1960a9be8ae9e8c755330218eac4c5805466290a"}
{"name": "Dazn Laliga Alternativo 1 (Prebuf a 0)", "link": "75251ba975132ec9a202806ba5bf606e87280c96"}
{"name": "Dazn Laliga Alternativo 2 (Prebuf a 0)", "link": "95b2238dec35cf00dfdf8fba18e9920bc2c56256"}
{"name": "Dazn Laliga Alternativo 3 (Prebuf a 0)", "link": "a3bca895c58d3fc7d5e4259d3d5e3cf0291d1914"}
{"name": "DAZN LaLiga 1080p MultiAudio (Prebuf a 0)", "link": "1960a9be8ae9e8c755330218eac4c5805466290a"}
{"name": "DAZN LaLiga 1080p MultiAudio (Prebuf a 0)", "link": "75251ba975132ec9a202806ba5bf606e87280c96"}
{"name": "EuroSport 1 (Prebuf a 0)", "link": "5e4cd48c79f991fcbee2de8b9d30c4b16de3b952"}
{"name": "EuroSport 2 (Prebuf a 0)", "link": "c373da9e901d414b7384e671112e64d5a2310c29"}
{"name": "M. Golf (Prebuf a 0)", "link": "4f945b0ba4206fa2676b61e9eaa465ac3dcc8122"}
{"name": "Eleven Sport 1 4K (prebuf a 0) (Pol)", "link": "35e56fe4a3b23e4e31b7a4ee21562227fbd05624"}
{"name": "LaLiga TV Bar trompicones cambo a liga de campeones 1", "link": "608b0faf7d3d25f6fe5dba13d5e4b4142949990e"}
{"name": "DAZN LaLiga MultiAudio", "link": "110d441ddc9713a7452588770d2bc85504672f47"}
{"name": "DAZN LaLiga 2", "link": "97ba38d47680954be40e48bd8f43e17222fefecb"}
{"name": "DAZN LaLiga 2", "link": "83c6c4942d69f4aa324aa746c5d7dbfd7d1572b3"}
{"name": "LaLiga Hypermotion", "link": "6d05b31e5e8fdae312fbd57897363a7b10ddb163"}
{"name": "LaLiga Hypermotion", "link": "b2706a7ffbea236a3b398139a3a606ada664c0eb"}
{"name": "LaLiga Hypermotion 2", "link": "0cfdfde1b70623b8c210b0f7301be2a87456481d"}
{"name": "M. LaLiga MultiAudio", "link": "d3de78aebe544611a2347f54d5796bd87f16c92d"}
{"name": "M. LaLiga Multiaudio (720p)", "link": "f5a769b1d4d97673dcaae415bf197706a8056428"}
{"name": "M. LaLiga", "link": "b308f69384b9be8c5cfdcb45cfcc3d595b0cbaa1"}
{"name": "M. LaLiga", "link": "7fc274f1bccb3d755c8e0760459bd81056eb998f"}
{"name": "M. LaLiga", "link": "94d34491106e00394835c8cb68aa94481339b53f"}
{"name": "M. LaLiga", "link": "6d05b31e5e8fdae312fbd57897363a7b10ddb163"}
{"name": "M. LaLiga", "link": "1bc437bce57b4b0450f6d1f8d818b7e97000745e"}
{"name": "M. LaLiga", "link": "aa82e7d4f03061f2144a2f4be22f2e2210d42280"}
{"name": "M. LaLiga (720p)", "link": "1bc437bce57b4b0450f6d1f8d818b7e97000745e"}
{"name": "M. LaLiga 2 (720p)", "link": "f31a586422c9244196c810c84b6c85da350318a5"}
{"name": "DAZN LaLiga", "link": "74defb8f4ed3a917fd07c21b34f43c17107ec618"}
{"name": "DAZN Laliga (720p)", "link": "4e6d9cf7d177366045d33cd8311d8b1d7f4bed1f"}
{"name": "M. LaLiga", "link": "4b528d10eaad747ddf52251206177573ee3e9f74"}
{"name": "NOOOOOOOOOOOOOOO", "link": "4b528d10eaad747ddf52251206177573ee3e9f74"}
{"name": "RFEF (NO-24h)", "link": "c1ee6e1e0ef5928d8261f855c417de21794f437d"}
{"name": "RFEF (NO-24h)", "link": "8677d339ecddd75165c0015025f598b6215974cf"}
{"name": "M. Liga Campeones MultiAudio (NO-24h)", "link": "775abd8697715c48a357906d40734ccd2a10513c"}
{"name": "M. Liga Campeones", "link": "0f0850a62ecdc4f79eec221cbebad01f3e0242bc"}
{"name": "M. Liga Campeones", "link": "bb5a8bf7752e978460ee1710e5e8950a5c9e1f99"}
{"name": "M. Liga Campeones", "link": "e572a5178ff72eed7d1d751a18b4b3419699f370"}
{"name": "M. Liga Campeones (NO-24h)", "link": "0a26e20f39845e928411e09a124374fccb6e1478"}
{"name": "M. Liga Campeones 02", "link": "c070cdb701fc46bb79d17568d99fc64620443d63"}
{"name": "M. Liga Campeones 03", "link": "3618edda333dad5374ac2c801f5f14483934b97d"}
{"name": "M. Liga Campeones 03", "link": "8e65f92af1de567f0af83562c5a14a3db6dc8ac8"}
{"name": "M. Liga Campeones 04", "link": "65a18a6bd83918a9586b673fec12405aaf4e9f7d"}
{"name": "M. Liga Campeones 05", "link": "11744c25a594e17d587ed0871fe40ff21b4bd1e0"}
{"name": "M. Liga Campeones 06 (720p)", "link": "fdda1f0dd8c33fbdc5a66ab98e291f570cae67cd"}
{"name": "M. Liga Campeones 07 (720p)", "link": "b7f47db93dced60f54e8f89e2366ed061b534049"}
{"name": "M. Liga Campeones 08 (720p)", "link": "d298c6e5c8be71f5995b45289c6388b225318b3c"}
{"name": "M. Liga Campeones 09 (720p)", "link": "2d7c4cfb3987b652a779afc894cca2fccbbacf21"}
{"name": "M. Liga Campeones 10 (720p)", "link": "c056f9e180cd7d40963129a17ff54f4ee8259353"}
{"name": "M. Liga Campeones 11 (720p)", "link": "a12a16f74cf12799d4475ae867dc61eb60e1ba2e"}
{"name": "M. Liga Campeones 12 (720p)", "link": "df7d145fcaf0566db4098d2f10236185d92bc9fd"}
{"name": "M. Liga Campeones 13 (720p)", "link": "bdfe9ebe62d690c1b13eef4346d72e618cfbe804"}
{"name": "DAZN F1", "link": "b08e158ea3f5c72084f5ff8e3c30ca2e4d1ff6d1"}
{"name": "DAZN F1 (720p)", "link": "ed6188dcbb491efeb2092c1a6199226c27f61727"}
{"name": "DAZN F1", "link": "515efd8115482bda8d92aa6df9a882a5e5797494"}
{"name": "DAZN 2", "link": "b0eabe0fdd02fdd165896236765a9b753a2ff516"}
{"name": "DAZN 2", "link": "ca923c9873fd206a41c1e83ff8fc40e3cf323c9a"}
{"name": "DAZN 3 (NO-24h)", "link": "19cd05c7ae26f22737ae5728b571ca36abd8a2e8"}
{"name": "DAZN 4", "link": "4e83f23945ab3e43982045f88ec31daaa4683102"}
{"name": "Movistar +", "link": "56ac8e227d526e722624675ccdd91b0cc850582f"}
{"name": "Movistar +", "link": "bf270b6486daf3a2aa54bc027fd7cb02401a447a"}
{"name": "Movistar + (4K) ????", "link": "7138311a683384297b7ba47020badf454a4376aa"}
{"name": "Vamos", "link": "12ba546d229bc39f01c3c18988a034b215fe6adb"}
{"name": "Vamos (720p)", "link": "d03c13b6723f66155d7a0df3692a3b073fe630f2"}
{"name": "M. Deportes 1", "link": "55d4602cb22b0d8a33c10c2c2f42dae64a9e8895"}
{"name": "M. Deportes 1 (NO-24h)", "link": "acb510858f34c3c6fd5f79395b031abd6885c2b3"}
{"name": "M. Deportes 1 (NO-24h - 720p)", "link": "3a74d9869b13e763476800740c6625e715a39879"}
{"name": "M. Deportes 2", "link": "639c561dd57fa3fc91fde715caeb696c5efb7ce7"}
{"name": "M. Deportes 3", "link": "571bff4d12b1791eb99dbf20bec38e630693a6a3"}
{"name": "M. Deportes 4", "link": "b4d1308a61e4caf8c06ac3d6ce89d165c015c2fb"}
{"name": "M. Deportes 5", "link": "fcc0fd75bf1dba40b108fcf0d3514e0e549bfbac"}
{"name": "M. Deportes 6", "link": "cc5782d37ae6b6e0bab396dd64074982d0879046"}
{"name": "M. Deportes 7", "link": "070f82d6443a52962d6a2ed9954c979b29404932"}
{"name": "M. Golf", "link": "872608e734992db636eb79426802cd08f4029afb"}
{"name": "ESPN (Esp)", "link": "8677d339ecddd75165c0015025f598b6215974cf"}
{"name": "Sky Sports Golf", "link": "7f0f325c3eafce8bfedfc43a9ddb13f063bf0879"}
{"name": "UFC (Eng)", "link": "626fc7cf70680d1d77b4b5293be94f63c910ee92"}
{"name": "MAX UFC PPV", "link": "405f4975c759816fbc6606eeb990666f1853dfe2"}
{"name": "Polsat Sports Fight (Pol)", "link": "9e7fe279f421b734a8af9e68320955fd16f80b4b"}
{"name": "TNT Sports 1 (720p - Eng) ", "link": "8a99150eb24e6b22d3944381d071d91d23dc94e0"}
{"name": "TNT Sports 2 (720p - Eng) ", "link": "96557b62d2888c7f08db3721f45f05ab6a56ee1f"}
{"name": "TNT Sports 3 (720p - Eng) ", "link": "24bab6b11bdd0f7de628b20b717562b12a3cd720"}
{"name": "beIN Sports Extra ñ", "link": "92a7dcc55392efc6dd5d012c4ff3878891eb6a6e"}
{"name": "Fox Sports Premium (Eng)", "link": "6994af284ecab2996f9b140ef44b8da8bfee0006"}
{"name": "Premier Sports 2 (Eng)", "link": "4903ca695edb64bc72ae29eb85a5333ba0139537"}
{"name": "DAZN Pro League 1 (Ned)", "link": "caf4c1f421129f24b554946a6a82c89b108b9571"}
{"name": "ESPN 2 (Usa)", "link": "664eb5fe460b96941aed633959a845b185cd8394"}
{"name": "beIN Sports (Usa)", "link": "f62e1e9b220b8802fe646eadd6354196ffb8a981"}
{"name": "beIN Sports (Usa)", "link": "d038851c2fd772fcec5b7d548aed631df8c2e524"}
{"name": "beIN Sports (Usa)", "link": "7ac8bd6fa7bba2a88e5979923c3e53de99478ab4"}
{"name": "beIN Sports (Usa)", "link": "d7957fe1d7da96140429bf400bf298531a39ca97"}
{"name": "Sky Sport Bundesliga 1 (Ger)", "link": "9700644f987912614b41618a1663b30915b25dc1"}
{"name": "Sky Sport Bundesliga 2 (Ger)", "link": "456fb01a7b401c1799c47aa2c35a288e9f01ff68"}