{"name": "Dazn LaLiga", "link": "0e50439e68aa2435b38f0563bb2f2e98f32ff4b1"}
{"name": "Dazn LaLiga", "link": "1bb5bf76fb2018d6db9aaa29b1467ecdfabe2884"}
{"name": "Dazn LaLiga 2", "link": "5091ea94b75ba4b50b078b4102a3d0e158ef59c3"}
{"name": "M. LaLiga", "link": "107c3ce5a5d2527c9f06e4eab87477201791f231"}
{"name": "M. LaLiga", "link": "d2ddf9802ccfdc456f872eea4d24596880a638a0"}
{"name": "M. LaLiga Multiaudio (720p)", "link": "00c9bc9c5d7d87680a5a6bed349edfa775a89947"}
{"name": "M. LaLiga (4K)", "link": "d15a0eaf825b5f8f94259d5209688a7e97e6acde"}
{"name": "M. LaLiga (4K)", "link": "cc9b7f5fe416069a2110da0909b0f915043c468b"}
{"name": "M. LaLiga 2", "link": "911ad127726234b97658498a8b790fdd7516541d"}
{"name": "M. Liga Campeones", "link": "0f7842f8b6c26571e5a974407b61623e56e6a052"}
{"name": "M. Liga Campeones", "link": "f3eea003e23f94dc2d527306de9dd386e3ebf4ba"}
{"name": "M. Liga Campeones 2", "link": "e7d8cae7f693fe46e89bbf74820caac9ffb32a30"}
{"name": "M. Liga Campeones 3", "link": "2b5129adc57d43790634d796fe3468b9fd061259"}
{"name": "DAZN F1", "link": "38e9ae1ee0c96d7c6187c9c4cc60ffccb565bdf7"}
{"name": "DAZN F1", "link": "3f5b7e2f883fe4b4b973e198d147a513d5c7c32a"}
{"name": "Dazn 1", "link": "b03f9310155cf3b4eafc1dfba763781abc3ff025"}
{"name": "Dazn 1", "link": "36394be1db2e20b5997d987c32fd38c7f0f194b7"}
{"name": "Dazn 2", "link": "43004e955731cd3afcc34d24e5178d4b427bff37"}
{"name": "Dazn 3", "link": "4e401fdceebffdf1f09aef954844d09f6c62f460"}
{"name": "Dazn 4", "link": "eb884f77ce8815cf1028c4d85e8b092c27ea1693"}
{"name": "M. Deportes 1", "link": "5d3f582738467aaf213e408601aca5cc13fa9359"}
{"name": "M. Deportes 1", "link": "3692ea4cdda97eb0062ed5d656ebd61f149ebd0b"}
{"name": "M. Deportes 2", "link": "73d38feaa770d788848ec098470e32670fe55a61"}
{"name": "M. Deportes 3", "link": "29d786d72d4b53dbc333af3a50f8fb021aa0296f"}
{"name": "M. Deportes 4", "link": "37825883ed185365e3194a79207347f6c7bd5ba5"}
{"name": "M. Deportes 5", "link": "6dc4ac4eeae18e9daec433b01db82435cf84c57c"}
{"name": "M. Golf", "link": "9ed46050217ee6ed8236a64b72d7992f7b3b37f2"}
{"name": "F1 TV (USA)", "link": "d18804b3d56a949301bf184e4a6c675affe42d61"}
{"name": "Eleven Sport 1 (4K - Pol)", "link": "7ac2d74ef6df9d15012992d7e0e635a95f58c652"}
{"name": "Eleven Sport 1 (Pol)", "link": "14407b00d454cb7dc0d70aa26e8bbc554f457f00"}
{"name": "Eleven Sport 1 (Pol)", "link": "35e56fe4a3b23e4e31b7a4ee21562227fbd05624"}
{"name": "Setanta Sports 2 (Rus)", "link": "f6d68cfa8694f814983f2a5757f4e0c4964b880c"}
{"name": "Match! TV (Rus)", "link": "a203f6b935a8ad8659c4c76c1d9c13afa6368ef2"}
{"name": "Match! Football 1 (Rus)", "link": "b28db77c5084da7993395d77df96c30bb134f0a9"}
{"name": "Match! Football 2 (Rus)", "link": "ffbf8c687c788d9a1a7c651e24802ee773ff3f04"}
{"name": "Match! Football 3 (Rus)", "link": "b6baa046075d82da300fc1b16de96067a8b9540e"}
{"name": "beIN Sports France 1 HD (Fra)", "link": "bba1905fcd1c4975aec544047bf8e4cd23ce3fe0"}
{"name": "Ziggo Sports (Ned)", "link": "fcd7621df513f600652b4813d5d8fd1daed60058"}
{"name": "Ziggo Sports 2 (720p - Ned)", "link": "868a6187d6aeec65ded84bd777814c9f7b7a9027"}
{"name": "ESPN (Usa)", "link": "4b4907de51ec11087d4bed5876f2a0c68264f442"}
{"name": "Fox Sports 1 (USA)", "link": "c9c062941fbecb16ce29437f346ea7177d720898"}
{"name": "Fox Sports 2 (USA)", "link": "cba8d369eac629b577750edb90370cd1c5fb03b7"}
{"name": "TNT Sports 1 (UK)", "link": "efc60cfe5e3a349baa02bcc49f6647c21a9c3c5b"}
{"name": "TNT Sports 4 (UK)", "link": "fc5089d8e1519872fdf951779ccbca913acc9bce"}
{"name": "NBA TV (Eng)", "link": "e72d03fb9694164317260f684470be9ab781ed95"}
{"name": "Sky Sport+ (Eng)", "link": "d317a003e8047da2c36a2a2bb2289578c9a3b79c"}
{"name": "Sky Sports Football (Eng)", "link": "8dbe2d515e9131fa311353537736f8c94be9b26d"}
{"name": "Sky Sports F1 (Ger)", "link": "b04372b9543d763bd2dbd2a1842d9723fd080076"}
{"name": "Sky Sports 1 Bundesliga (Ger)", "link": "38d8789a448dd0eaf99e0274b555974e4e8f3f3b"}