{"link": "1b0bc4d4dcd609d3c092712e721392b199f50a62", "name": "Eurosport 1 HD"}
{"link": "b8cad4710b1c3b2b84a82c1ece40c08517b8f766", "name": "Eurosport 1 HD [DE]"}
{"link": "1b0bc4d4dcd609d3c092712e721392b199f50a62", "name": "Eurosport 1 HD [RU]"}
{"link": "1d04e3b27c2ac3ff52dc949e76f36207fbb235c4", "name": "Eurosport 1 hd"}
{"link": "ac675c82d6dfd4a201532c18b42e48dacb7c32c6", "name": "Eurosport 2 HD [DE]"}
{"link": "7aa9cc819c6fa781dea6b4de3aa5393258b766d8", "name": "Eurosport 2 HD [PL]"}
{"link": "6176281b9c46a5621a0e88524f8dc621f173b8e0", "name": "Eurosport 2 HD [RU]"}
{"link": "314eb626864faf52e01624361bd6906b5406127f", "name": "Eurosport [PL]"}
{"link": "22df9a5fae8cae52fec925c2bb44b74f96a4200c", "name": "Eurosport360 HD 1 [DE]"}
{"link": "57f95543ac41656d473b1a27123fc413388a728c", "name": "Eurosport360 HD 2 [DE]"}
{"link": "7adbca42657ace1fe228142d351d0896974bbe0c", "name": "Eurosport360 HD 3 [DE]"}
{"link": "1b6b6c0ddc0534236b3bae78f41d2bc27cd11f64", "name": "Eurosport360 HD 4 [DE]"}
{"link": "148921c4dda96df445e253d6f26c4d092bf85809", "name": "Eurosport360 HD 5 [DE]"}
{"link": "005ac522315699bd93bbf743329eb2f3c347dc3f", "name": "Eurosport360 HD 6 [DE]"}
{"link": "b18657f64507cc859cd7edef1aef90feb053e791", "name": "Eurosport360 HD 7 [DE]"}
{"link": "8f4f572005ca2557743474087aa622693ba9b5fe", "name": "Eurosport360 HD 8 [DE]"}
